<?xml version="1.0" encoding="UTF-8"?>
<!--
 ! (c) Copyright 2005-2012 JAXIO, www.jaxio.com
 ! Source code generated by Celerio, a Jaxio product
 ! Want to use Celerio within your company? email us at info@jaxio.com
 ! Follow us on twitter: @springfuse
 ! Template pack-jsf2-primefaces:src/main/webapp/WEB-INF/flows/abstract/selectFlow.e.vm.xml
-->
<flow xmlns="http://www.springframework.org/schema/webflow" xmlns:xsi="http://www.w3.org/2001/XMLSchema-instance" xsi:schemaLocation="http://www.springframework.org/schema/webflow http://www.springframework.org/schema/webflow/spring-webflow-2.0.xsd"
	abstract="true">

	<!-- when sub is true, it means this flow is opened as a subflow from an edit flow, generally to select the target entity of a many-to-one association -->
	<input name="sub" type="boolean" value="flowScope.sub" />

	<!-- when create is true, we go directly to edit state -->
	<input name="create" type="boolean" value="flowScope.create" />

	<end-state id="quit" view="/WEB-INF/views/home.xhtml">
		<on-entry>
			<evaluate expression="messageUtil.displayDelayedMessages()" />
		</on-entry>
	</end-state>
	<end-state id="cancel" />

	<global-transitions>
		<transition on="cancel" to="cancel" />
		<transition on="quit" to="quit" />
		<transition on="ajaxDebugThrowException">
			<evaluate expression="exceptionUtil.throwRuntimeException()" />
		</transition>
		<transition on="debugThrowException" to="startChoice">
			<evaluate expression="exceptionUtil.throwRuntimeException()" />
		</transition>
	</global-transitions>

	<exception-handler bean="simpleExceptionHandler" />
</flow>