<?xml version="1.0" encoding="UTF-8"?>
<!--
 ! (c) Copyright 2005-2012 JAXIO, www.jaxio.com
 ! Source code generated by Celerio, a Jaxio product
 ! Want to use Celerio within your company? email us at info@jaxio.com
 ! Follow us on twitter: @springfuse
 ! Template pack-jsf2-primefaces:src/main/webapp/WEB-INF/flows/edit/editFlow.e.vm.xml
-->
<flow xmlns="http://www.springframework.org/schema/webflow" xmlns:xsi="http://www.w3.org/2001/XMLSchema-instance"
	xsi:schemaLocation="http://www.springframework.org/schema/webflow http://www.springframework.org/schema/webflow/spring-webflow-2.0.xsd"
	parent="abstract/edit">
	
	<!-- note: this flow inherits from the abstract/edit flow -->

	<persistence-context />

	<!-- Flow input parameters -->
	<!-- itemlieudestockage: the entity to edit. If null, then we create it here -->
	<input name="itemlieudestockage" required="false" value="flowScope.itemlieudestockage"/>	
	<on-start>
		<evaluate expression="itemlieudestockageController.newIfNull(itemlieudestockage)" result="flowScope.itemlieudestockage" />
	</on-start>

	<decision-state id="startChoice">
		<if test="sub" then="itemlieudestockageSubEdit" else="itemlieudestockageEdit" />
	</decision-state>

	<!-- EDIT -->
	<view-state id="itemlieudestockageEdit" parent="#itemlieudestockageEditCommon">
		<on-render>
			<evaluate expression="flowsMenuHandler.updateMenu(flowRequestContext,itemlieudestockage.id,itemlieudestockageConverter.print(itemlieudestockage))" />
		</on-render>

		<transition on="send">
			<evaluate expression="messageUtil.info('status_submitted_ok')" />
		</transition>

		<transition on="save">
			<evaluate expression="itemlieudestockageController.save(itemlieudestockage)" />
		</transition>

		<transition on="saveAndClose">
			<evaluate expression="itemlieudestockageController.saveAndClose(itemlieudestockage)" />
		</transition>

		<transition on="close">
			<evaluate expression="primeFacesUtil.showAskForSaveDialog(persistenceContext,itemlieudestockage)"/>
		</transition>

		<transition on="deleteAndClose" to="deleteAndClose">
			<evaluate expression="itemlieudestockageController.delete(itemlieudestockage)" />
		</transition>
	</view-state>

	<!-- SUB-EDIT -->
	<view-state id="itemlieudestockageSubEdit" view="itemlieudestockageEdit.xhtml" parent="#itemlieudestockageEditCommon">
		<transition on="ok">
			<evaluate expression="primeFacesUtil.forceClose()" />
		</transition>
		<transition on="cancel" to="cancelEdit" />
	</view-state>

	<!-- COMMON-EDIT -->
	<view-state id="itemlieudestockageEditCommon">

		<!-- lieudestockage transitions (x-to-one) -->
		<transition on="selectLieudestockage" to="selectLieudestockage" />
		<transition on="editLieudestockage" to="editLieudestockage">
			<set name="requestScope.paramReadonly" value="false" type="boolean" />
		</transition>
		<transition on="viewLieudestockage" to="editLieudestockage">
			<set name="requestScope.paramReadonly" value="true" type="boolean" />
		</transition>

		<!-- item transitions (x-to-one) -->
		<transition on="selectItem" to="selectItem" />
		<transition on="editItem" to="editItem">
			<set name="requestScope.paramReadonly" value="false" type="boolean" />
		</transition>
		<transition on="viewItem" to="editItem">
			<set name="requestScope.paramReadonly" value="true" type="boolean" />
		</transition>
	</view-state>

	<!-- SUBFLOW lieudestockage (x-to-one) -->
	<subflow-state id="selectLieudestockage" subflow="lieudestockage">
		<input name="sub" value="true" />
		<transition on="lieudestockageSelected" to="startChoice">
			<evaluate expression="itemlieudestockage.setLieudestockage(currentEvent.attributes.lieudestockageSelected)" />
			<evaluate expression="messageUtil.info('status_selected_ok',resourceBundle.itemlieudestockage_lieudestockage)" />
		</transition>
		<transition on="cancel" to="startChoice" />
	</subflow-state>
	<subflow-state id="editLieudestockage" subflow="lieudestockage/edit">
		<input name="sub" value="true" />
		<input name="readonly" value="requestScope.paramReadonly" />
		<input name="lieudestockage" value="itemlieudestockage.lieudestockage" />
		<transition on="endEdit" to="startChoice">
			<evaluate expression="messageUtil.info('status_edited_ok',resourceBundle.itemlieudestockage_lieudestockage)" />
		</transition>
		<transition on="cancelEdit" to="startChoice" />
	</subflow-state>


	<!-- SUBFLOW item (x-to-one) -->
	<subflow-state id="selectItem" subflow="item">
		<input name="sub" value="true" />
		<transition on="itemSelected" to="startChoice">
			<evaluate expression="itemlieudestockage.setItem(currentEvent.attributes.itemSelected)" />
			<evaluate expression="messageUtil.info('status_selected_ok',resourceBundle.itemlieudestockage_item)" />
		</transition>
		<transition on="cancel" to="startChoice" />
	</subflow-state>
	<subflow-state id="editItem" subflow="item/edit">
		<input name="sub" value="true" />
		<input name="readonly" value="requestScope.paramReadonly" />
		<input name="item" value="itemlieudestockage.item" />
		<transition on="endEdit" to="startChoice">
			<evaluate expression="messageUtil.info('status_edited_ok',resourceBundle.itemlieudestockage_item)" />
		</transition>
		<transition on="cancelEdit" to="startChoice" />
	</subflow-state>

	<end-state id="endEdit">
		<output name="itemlieudestockage" value="itemlieudestockage" />
	</end-state>
</flow>