<?xml version="1.0" encoding="UTF-8"?>
<!--
 ! (c) Copyright 2005-2012 JAXIO, www.jaxio.com
 ! Source code generated by Celerio, a Jaxio product
 ! Want to use Celerio within your company? email us at info@jaxio.com
 ! Follow us on twitter: @springfuse
 ! Template pack-jsf2-primefaces:src/main/webapp/WEB-INF/flows/edit/editFlow.e.vm.xml
-->
<flow xmlns="http://www.springframework.org/schema/webflow" xmlns:xsi="http://www.w3.org/2001/XMLSchema-instance"
	xsi:schemaLocation="http://www.springframework.org/schema/webflow http://www.springframework.org/schema/webflow/spring-webflow-2.0.xsd"
	parent="abstract/edit">
	
	<!-- note: this flow inherits from the abstract/edit flow -->

	<persistence-context />

	<!-- Flow input parameters -->
	<!-- suivicontact: the entity to edit. If null, then we create it here -->
	<input name="suivicontact" required="false" value="flowScope.suivicontact"/>	
	<on-start>
		<evaluate expression="suivicontactController.newIfNull(suivicontact)" result="flowScope.suivicontact" />
	</on-start>

	<decision-state id="startChoice">
		<if test="sub" then="suivicontactSubEdit" else="suivicontactEdit" />
	</decision-state>

	<!-- EDIT -->
	<view-state id="suivicontactEdit" parent="#suivicontactEditCommon">
		<on-render>
			<evaluate expression="flowsMenuHandler.updateMenu(flowRequestContext,suivicontact.id,suivicontactConverter.print(suivicontact))" />
		</on-render>

		<transition on="send">
			<evaluate expression="messageUtil.info('status_submitted_ok')" />
		</transition>

		<transition on="save">
			<evaluate expression="suivicontactController.save(suivicontact)" />
		</transition>

		<transition on="saveAndClose">
			<evaluate expression="suivicontactController.saveAndClose(suivicontact)" />
		</transition>

		<transition on="close">
			<evaluate expression="primeFacesUtil.showAskForSaveDialog(persistenceContext,suivicontact)"/>
		</transition>

		<transition on="deleteAndClose" to="deleteAndClose">
			<evaluate expression="suivicontactController.delete(suivicontact)" />
		</transition>
	</view-state>

	<!-- SUB-EDIT -->
	<view-state id="suivicontactSubEdit" view="suivicontactEdit.xhtml" parent="#suivicontactEditCommon">
		<transition on="ok">
			<evaluate expression="primeFacesUtil.forceClose()" />
		</transition>
		<transition on="cancel" to="cancelEdit" />
	</view-state>

	<!-- COMMON-EDIT -->
	<view-state id="suivicontactEditCommon">

		<!-- membreppaf transitions (x-to-one) -->
		<transition on="selectMembreppaf" to="selectMembreppaf" />
		<transition on="editMembreppaf" to="editMembreppaf">
			<set name="requestScope.paramReadonly" value="false" type="boolean" />
		</transition>
		<transition on="viewMembreppaf" to="editMembreppaf">
			<set name="requestScope.paramReadonly" value="true" type="boolean" />
		</transition>

		<!-- contact transitions (x-to-one) -->
		<transition on="selectContact" to="selectContact" />
		<transition on="editContact" to="editContact">
			<set name="requestScope.paramReadonly" value="false" type="boolean" />
		</transition>
		<transition on="viewContact" to="editContact">
			<set name="requestScope.paramReadonly" value="true" type="boolean" />
		</transition>
	</view-state>

	<!-- SUBFLOW membreppaf (x-to-one) -->
	<subflow-state id="selectMembreppaf" subflow="membreppaf">
		<input name="sub" value="true" />
		<transition on="membreppafSelected" to="startChoice">
			<evaluate expression="suivicontact.setMembreppaf(currentEvent.attributes.membreppafSelected)" />
			<evaluate expression="messageUtil.info('status_selected_ok',resourceBundle.suivicontact_membreppaf)" />
		</transition>
		<transition on="cancel" to="startChoice" />
	</subflow-state>
	<subflow-state id="editMembreppaf" subflow="membreppaf/edit">
		<input name="sub" value="true" />
		<input name="readonly" value="requestScope.paramReadonly" />
		<input name="membreppaf" value="suivicontact.membreppaf" />
		<transition on="endEdit" to="startChoice">
			<evaluate expression="messageUtil.info('status_edited_ok',resourceBundle.suivicontact_membreppaf)" />
		</transition>
		<transition on="cancelEdit" to="startChoice" />
	</subflow-state>


	<!-- SUBFLOW contact (x-to-one) -->
	<subflow-state id="selectContact" subflow="contact">
		<input name="sub" value="true" />
		<transition on="contactSelected" to="startChoice">
			<evaluate expression="suivicontact.setContact(currentEvent.attributes.contactSelected)" />
			<evaluate expression="messageUtil.info('status_selected_ok',resourceBundle.suivicontact_contact)" />
		</transition>
		<transition on="cancel" to="startChoice" />
	</subflow-state>
	<subflow-state id="editContact" subflow="contact/edit">
		<input name="sub" value="true" />
		<input name="readonly" value="requestScope.paramReadonly" />
		<input name="contact" value="suivicontact.contact" />
		<transition on="endEdit" to="startChoice">
			<evaluate expression="messageUtil.info('status_edited_ok',resourceBundle.suivicontact_contact)" />
		</transition>
		<transition on="cancelEdit" to="startChoice" />
	</subflow-state>

	<end-state id="endEdit">
		<output name="suivicontact" value="suivicontact" />
	</end-state>
</flow>