<?xml version="1.0" encoding="UTF-8"?>
<!--
 ! (c) Copyright 2005-2012 JAXIO, www.jaxio.com
 ! Source code generated by Celerio, a Jaxio product
 ! Want to use Celerio within your company? email us at info@jaxio.com
 ! Follow us on twitter: @springfuse
 ! Template pack-jsf2-primefaces:src/main/webapp/WEB-INF/spring/applicationContext-security-http.p.vm.xml
-->
<beans:beans xmlns="http://www.springframework.org/schema/security" xmlns:xsi="http://www.w3.org/2001/XMLSchema-instance" xmlns:beans="http://www.springframework.org/schema/beans"
	xsi:schemaLocation="
		http://www.springframework.org/schema/beans http://www.springframework.org/schema/beans/spring-beans-3.1.xsd
		http://www.springframework.org/schema/security http://www.springframework.org/schema/security/spring-security-3.1.xsd">

	<!-- Configure Spring Security -->
	<http auto-config="true" use-expressions="true">
		<form-login login-page="/app/login" login-processing-url="/app/logincheck" default-target-url="/app/home" authentication-failure-url="/app/login?login_error=1" />
		<logout logout-url="/app/logout" logout-success-url="/app/home" />

		<intercept-url pattern="/app/resource/*" access="permitAll()" />
		<intercept-url pattern="/app/javax.*/**" access="permitAll()" />
		<intercept-url pattern="/app/logout*" access="isAuthenticated()" />

		<intercept-url pattern="/app/login" access="permitAll()" />
		<intercept-url pattern="/app/home" access="permitAll()" />
		<intercept-url pattern="/app/error" access="permitAll()" />
		<intercept-url pattern="/app/accessdenied" access="permitAll()" />

		<intercept-url access="hasRole('ROLE_ADMIN')" pattern="/app/**/*" />

		<access-denied-handler error-page="/app/accessdenied" />
	</http>
</beans:beans>
