<?xml version="1.0" encoding="UTF-8"?>
<!--
 ! (c) Copyright 2005-2012 JAXIO, www.jaxio.com
 ! Source code generated by Celerio, a Jaxio product
 ! Want to use Celerio within your company? email us at info@jaxio.com
 ! Follow us on twitter: @springfuse
 ! Template pack-jsf2-primefaces:src/main/webapp/WEB-INF/flows/edit/editFlow.e.vm.xml
-->
<flow xmlns="http://www.springframework.org/schema/webflow" xmlns:xsi="http://www.w3.org/2001/XMLSchema-instance"
	xsi:schemaLocation="http://www.springframework.org/schema/webflow http://www.springframework.org/schema/webflow/spring-webflow-2.0.xsd"
	parent="abstract/edit">
	
	<!-- note: this flow inherits from the abstract/edit flow -->

	<persistence-context />

	<!-- Flow input parameters -->
	<!-- contact: the entity to edit. If null, then we create it here -->
	<input name="contact" required="false" value="flowScope.contact"/>	
	<on-start>
		<evaluate expression="contactController.newIfNull(contact)" result="flowScope.contact" />
	</on-start>

	<decision-state id="startChoice">
		<if test="sub" then="contactSubEdit" else="contactEdit" />
	</decision-state>

	<!-- EDIT -->
	<view-state id="contactEdit">
		<on-render>
			<evaluate expression="flowsMenuHandler.updateMenu(flowRequestContext,contact.id,contactConverter.print(contact))" />
		</on-render>

		<transition on="send">
			<evaluate expression="messageUtil.info('status_submitted_ok')" />
		</transition>

		<transition on="save">
			<evaluate expression="contactController.save(contact)" />
		</transition>

		<transition on="saveAndClose">
			<evaluate expression="contactController.saveAndClose(contact)" />
		</transition>

		<transition on="close">
			<evaluate expression="primeFacesUtil.showAskForSaveDialog(persistenceContext,contact)"/>
		</transition>

		<transition on="deleteAndClose" to="deleteAndClose">
			<evaluate expression="contactController.delete(contact)" />
		</transition>
	</view-state>

	<!-- SUB-EDIT -->
	<view-state id="contactSubEdit" view="contactEdit.xhtml">
		<transition on="ok">
			<evaluate expression="primeFacesUtil.forceClose()" />
		</transition>
		<transition on="cancel" to="cancelEdit" />
	</view-state>

	<end-state id="endEdit">
		<output name="contact" value="contact" />
	</end-state>
</flow>