<?xml version="1.0" encoding="UTF-8"?>
<!--
 ! (c) Copyright 2005-2012 JAXIO, www.jaxio.com
 ! Source code generated by Celerio, a Jaxio product
 ! Want to use Celerio within your company? email us at info@jaxio.com
 ! Follow us on twitter: @springfuse
 ! Template pack-jsf2-primefaces:src/main/webapp/WEB-INF/flows/edit/editFlow.e.vm.xml
-->
<flow xmlns="http://www.springframework.org/schema/webflow" xmlns:xsi="http://www.w3.org/2001/XMLSchema-instance"
	xsi:schemaLocation="http://www.springframework.org/schema/webflow http://www.springframework.org/schema/webflow/spring-webflow-2.0.xsd"
	parent="abstract/edit">
	
	<!-- note: this flow inherits from the abstract/edit flow -->

	<persistence-context />
	<!-- Flow vars -->
	<var name="tabBean" class="com.eldoraludo.ppafadministration.web.util.TabBean"/>

	<!-- Flow input parameters -->
	<!-- lieudedepot: the entity to edit. If null, then we create it here -->
	<input name="lieudedepot" required="false" value="flowScope.lieudedepot"/>	
	<on-start>
		<evaluate expression="lieudedepotController.newIfNull(lieudedepot)" result="flowScope.lieudedepot" />
	</on-start>

	<decision-state id="startChoice">
		<if test="sub" then="lieudedepotSubEdit" else="lieudedepotEdit" />
	</decision-state>

	<!-- EDIT -->
	<view-state id="lieudedepotEdit" parent="#lieudedepotEditCommon">
		<on-render>
			<evaluate expression="flowsMenuHandler.updateMenu(flowRequestContext,lieudedepot.id,lieudedepotConverter.print(lieudedepot))" />
		</on-render>

		<transition on="send">
			<evaluate expression="messageUtil.info('status_submitted_ok')" />
		</transition>

		<transition on="save">
			<evaluate expression="lieudedepotController.save(lieudedepot)" />
		</transition>

		<transition on="saveAndClose">
			<evaluate expression="lieudedepotController.saveAndClose(lieudedepot)" />
		</transition>

		<transition on="close">
			<evaluate expression="primeFacesUtil.showAskForSaveDialog(persistenceContext,lieudedepot)"/>
		</transition>

		<transition on="deleteAndClose" to="deleteAndClose">
			<evaluate expression="lieudedepotController.delete(lieudedepot)" />
		</transition>
	</view-state>

	<!-- SUB-EDIT -->
	<view-state id="lieudedepotSubEdit" view="lieudedepotEdit.xhtml" parent="#lieudedepotEditCommon">
		<transition on="ok">
			<evaluate expression="primeFacesUtil.forceClose()" />
		</transition>
		<transition on="cancel" to="cancelEdit" />
	</view-state>

	<!-- COMMON-EDIT -->
	<view-state id="lieudedepotEditCommon">
		<on-entry>
			<!-- Prefetch one to many lists and convert them to dataModel -->
			<evaluate expression="lieudedepot.suividulieudedepots" result="flowScope.suividulieudedepots" result-type="dataModel" />
			<evaluate expression="lieudedepot.ventes" result="flowScope.ventes" result-type="dataModel" />
		</on-entry>

		<!-- suividulieudedepots transitions (one-to-many) -->
		<transition on="addSuividulieudedepot" to="addSuividulieudedepot" />
		<transition on="editSuividulieudedepot" to="editSuividulieudedepot">
			<set name="requestScope.paramReadonly" value="false" type="boolean" />
		</transition>
		<transition on="viewSuividulieudedepot" to="editSuividulieudedepot">
			<set name="requestScope.paramReadonly" value="true" type="boolean" />
		</transition>
		<transition on="removeSuividulieudedepot">
			<evaluate expression="lieudedepot.removeSuividulieudedepot(flowScope.suividulieudedepots.selectedRow)" />
			<evaluate expression="messageUtil.info('status_removed_ok',resourceBundle.lieudedepot_suividulieudedepots)" />
		</transition>

		<!-- ventes transitions (one-to-many) -->
		<transition on="addVente" to="addVente" />
		<transition on="editVente" to="editVente">
			<set name="requestScope.paramReadonly" value="false" type="boolean" />
		</transition>
		<transition on="viewVente" to="editVente">
			<set name="requestScope.paramReadonly" value="true" type="boolean" />
		</transition>
		<transition on="removeVente">
			<evaluate expression="lieudedepot.removeVente(flowScope.ventes.selectedRow)" />
			<evaluate expression="messageUtil.info('status_removed_ok',resourceBundle.lieudedepot_ventes)" />
		</transition>
	</view-state>

	<!-- SUBFLOW suividulieudedepots (one-to-many) -->
	<subflow-state id="addSuividulieudedepot" subflow="suividulieudedepot/edit">
		<input name="sub" value="true" />
		<transition on="endEdit" to="startChoice">
			<evaluate expression="lieudedepot.addSuividulieudedepot(currentEvent.attributes.suividulieudedepot)" />
			<evaluate expression="messageUtil.info('status_added_new_ok',resourceBundle.lieudedepot_suividulieudedepots)" />
		</transition>
		<transition on="cancelEdit" to="startChoice" />
	</subflow-state>
	<subflow-state id="editSuividulieudedepot" subflow="suividulieudedepot/edit">
		<input name="sub" value="true" />
		<input name="readonly" value="requestScope.paramReadonly" />
		<input name="suividulieudedepot" value="flowScope.suividulieudedepots.selectedRow" />
		<transition on="endEdit" to="startChoice">
			<evaluate expression="messageUtil.info('status_edited_ok',resourceBundle.lieudedepot_suividulieudedepots)" />
		</transition>
		<transition on="cancelEdit" to="startChoice" />
	</subflow-state>


	<!-- SUBFLOW ventes (one-to-many) -->
	<subflow-state id="addVente" subflow="vente/edit">
		<input name="sub" value="true" />
		<transition on="endEdit" to="startChoice">
			<evaluate expression="lieudedepot.addVente(currentEvent.attributes.vente)" />
			<evaluate expression="messageUtil.info('status_added_new_ok',resourceBundle.lieudedepot_ventes)" />
		</transition>
		<transition on="cancelEdit" to="startChoice" />
	</subflow-state>
	<subflow-state id="editVente" subflow="vente/edit">
		<input name="sub" value="true" />
		<input name="readonly" value="requestScope.paramReadonly" />
		<input name="vente" value="flowScope.ventes.selectedRow" />
		<transition on="endEdit" to="startChoice">
			<evaluate expression="messageUtil.info('status_edited_ok',resourceBundle.lieudedepot_ventes)" />
		</transition>
		<transition on="cancelEdit" to="startChoice" />
	</subflow-state>

	<end-state id="endEdit">
		<output name="lieudedepot" value="lieudedepot" />
	</end-state>
</flow>