<?xml version="1.0" encoding="UTF-8" standalone="no"?>
<facelet-taglib xmlns="http://java.sun.com/xml/ns/javaee" xmlns:xsi="http://www.w3.org/2001/XMLSchema-instance" xsi:schemaLocation="http://java.sun.com/xml/ns/javaee http://java.sun.com/xml/ns/javaee/web-facelettaglibrary_2_0.xsd" version="2.0">
	<namespace>http://springfuse.jaxio.com/app</namespace>
	<!-- Auto complete -->
	<tag>
		<tag-name>contactAutoComplete</tag-name>
		<source>autocomplete/contactAutoComplete.xhtml</source>
	</tag>
	<tag>
		<tag-name>contactMultiAutoComplete</tag-name>
		<source>autocomplete/contactMultiAutoComplete.xhtml</source>
	</tag>
	<tag>
		<tag-name>fraisAutoComplete</tag-name>
		<source>autocomplete/fraisAutoComplete.xhtml</source>
	</tag>
	<tag>
		<tag-name>fraisMultiAutoComplete</tag-name>
		<source>autocomplete/fraisMultiAutoComplete.xhtml</source>
	</tag>
	<tag>
		<tag-name>itemAutoComplete</tag-name>
		<source>autocomplete/itemAutoComplete.xhtml</source>
	</tag>
	<tag>
		<tag-name>itemMultiAutoComplete</tag-name>
		<source>autocomplete/itemMultiAutoComplete.xhtml</source>
	</tag>
	<tag>
		<tag-name>itemlieudestockageAutoComplete</tag-name>
		<source>autocomplete/itemlieudestockageAutoComplete.xhtml</source>
	</tag>
	<tag>
		<tag-name>itemlieudestockageMultiAutoComplete</tag-name>
		<source>autocomplete/itemlieudestockageMultiAutoComplete.xhtml</source>
	</tag>
	<tag>
		<tag-name>lieudedepotAutoComplete</tag-name>
		<source>autocomplete/lieudedepotAutoComplete.xhtml</source>
	</tag>
	<tag>
		<tag-name>lieudedepotMultiAutoComplete</tag-name>
		<source>autocomplete/lieudedepotMultiAutoComplete.xhtml</source>
	</tag>
	<tag>
		<tag-name>lieudestockageAutoComplete</tag-name>
		<source>autocomplete/lieudestockageAutoComplete.xhtml</source>
	</tag>
	<tag>
		<tag-name>lieudestockageMultiAutoComplete</tag-name>
		<source>autocomplete/lieudestockageMultiAutoComplete.xhtml</source>
	</tag>
	<tag>
		<tag-name>membreppafAutoComplete</tag-name>
		<source>autocomplete/membreppafAutoComplete.xhtml</source>
	</tag>
	<tag>
		<tag-name>membreppafMultiAutoComplete</tag-name>
		<source>autocomplete/membreppafMultiAutoComplete.xhtml</source>
	</tag>
	<tag>
		<tag-name>roleAutoComplete</tag-name>
		<source>autocomplete/roleAutoComplete.xhtml</source>
	</tag>
	<tag>
		<tag-name>roleMultiAutoComplete</tag-name>
		<source>autocomplete/roleMultiAutoComplete.xhtml</source>
	</tag>
	<tag>
		<tag-name>rolemembreAutoComplete</tag-name>
		<source>autocomplete/rolemembreAutoComplete.xhtml</source>
	</tag>
	<tag>
		<tag-name>rolemembreMultiAutoComplete</tag-name>
		<source>autocomplete/rolemembreMultiAutoComplete.xhtml</source>
	</tag>
	<tag>
		<tag-name>suivicontactAutoComplete</tag-name>
		<source>autocomplete/suivicontactAutoComplete.xhtml</source>
	</tag>
	<tag>
		<tag-name>suivicontactMultiAutoComplete</tag-name>
		<source>autocomplete/suivicontactMultiAutoComplete.xhtml</source>
	</tag>
	<tag>
		<tag-name>suividulieudedepotAutoComplete</tag-name>
		<source>autocomplete/suividulieudedepotAutoComplete.xhtml</source>
	</tag>
	<tag>
		<tag-name>suividulieudedepotMultiAutoComplete</tag-name>
		<source>autocomplete/suividulieudedepotMultiAutoComplete.xhtml</source>
	</tag>
	<tag>
		<tag-name>utilisateurAutoComplete</tag-name>
		<source>autocomplete/utilisateurAutoComplete.xhtml</source>
	</tag>
	<tag>
		<tag-name>utilisateurMultiAutoComplete</tag-name>
		<source>autocomplete/utilisateurMultiAutoComplete.xhtml</source>
	</tag>
	<tag>
		<tag-name>venteAutoComplete</tag-name>
		<source>autocomplete/venteAutoComplete.xhtml</source>
	</tag>
	<tag>
		<tag-name>venteMultiAutoComplete</tag-name>
		<source>autocomplete/venteMultiAutoComplete.xhtml</source>
	</tag>
	<!-- Panels -->
	<tag>
		<tag-name>panelMenu</tag-name>
		<source>panel/panelMenu.xhtml</source>
	</tag>
	<tag>
		<tag-name>panelTopMenu</tag-name>
		<source>panel/panelTopMenu.xhtml</source>
	</tag>
	<!-- Search -->
	<tag>
		<tag-name>search</tag-name>
		<source>search/search.xhtml</source>
	</tag>
	<!-- Buttons -->
	<tag>
		<tag-name>saveButton</tag-name>
		<source>button/saveButton.xhtml</source>
	</tag>
	<!-- Icons -->
	<tag>
		<tag-name>iconAdd</tag-name>
		<source>icon/iconAdd.xhtml</source>
	</tag>
	<tag>
		<tag-name>iconView</tag-name>
		<source>icon/iconView.xhtml</source>
	</tag>
	<tag>
		<tag-name>iconDelete</tag-name>
		<source>icon/iconDelete.xhtml</source>
	</tag>
	<tag>
		<tag-name>iconEdit</tag-name>
		<source>icon/iconEdit.xhtml</source>
	</tag>
	<tag>
		<tag-name>iconSearch</tag-name>
		<source>icon/iconSearch.xhtml</source>
	</tag>
	<tag>
		<tag-name>iconSelect</tag-name>
		<source>icon/iconSelect.xhtml</source>
	</tag>
	<!-- tag used in edit form -->
	<tag>
		<tag-name>input</tag-name>
		<source>input/input.xhtml</source>
	</tag>
	<tag>
		<tag-name>inputPassword</tag-name>
		<source>input/inputPassword.xhtml</source>
	</tag>
	<tag>
		<tag-name>inputEditor</tag-name>
		<source>input/inputEditor.xhtml</source>
	</tag>
	<tag>
		<tag-name>inputTextArea</tag-name>
		<source>input/inputTextArea.xhtml</source>
	</tag>
	<tag>
		<tag-name>inputSpinner</tag-name>
		<source>input/inputSpinner.xhtml</source>
	</tag>
	<tag>
		<tag-name>inputBoolean</tag-name>
		<source>input/inputBoolean.xhtml</source>
	</tag>
	<tag>
		<tag-name>inputDate</tag-name>
		<source>input/inputDate.xhtml</source>
	</tag>
	<tag>
		<tag-name>inputDateTime</tag-name>
		<source>input/inputDateTime.xhtml</source>
	</tag>
	<tag>
		<tag-name>inputLocalDate</tag-name>
		<source>input/inputLocalDate.xhtml</source>
	</tag>
	<tag>
		<tag-name>inputLocalDateTime</tag-name>
		<source>input/inputLocalDateTime.xhtml</source>
	</tag>
	<tag>
		<tag-name>inputDateAria</tag-name>
		<source>input/inputDateAria.xhtml</source>
	</tag>
	<tag>
		<tag-name>inputDateTimeAria</tag-name>
		<source>input/inputDateTimeAria.xhtml</source>
	</tag>
	<tag>
		<tag-name>inputLocalDateAria</tag-name>
		<source>input/inputLocalDateAria.xhtml</source>
	</tag>
	<tag>
		<tag-name>inputLocalDateTimeAria</tag-name>
		<source>input/inputLocalDateTimeAria.xhtml</source>
	</tag>
	<!-- Select -->
	<tag>
		<tag-name>selectManyBoolean</tag-name>
		<source>select/selectManyBoolean.xhtml</source>
	</tag>
	<tag>
		<tag-name>selectManyEnum</tag-name>
		<source>select/selectManyEnum.xhtml</source>
	</tag>
	<tag>
		<tag-name>selectOneRadio</tag-name>
		<source>select/selectOneRadio.xhtml</source>
	</tag>
	<tag>
		<tag-name>selectOneMenu</tag-name>
		<source>select/selectOneMenu.xhtml</source>
	</tag>
	<!-- Ranges -->
	<tag>
		<tag-name>rangeDate</tag-name>
		<source>range/rangeDate.xhtml</source>
	</tag>
	<tag>
		<tag-name>rangeDateTime</tag-name>
		<source>range/rangeDateTime.xhtml</source>
	</tag>
	<tag>
		<tag-name>rangeLocalDate</tag-name>
		<source>range/rangeLocalDate.xhtml</source>
	</tag>
	<tag>
		<tag-name>rangeLocalDateTime</tag-name>
		<source>range/rangeLocalDateTime.xhtml</source>
	</tag>
	<tag>
		<tag-name>rangeInt</tag-name>
		<source>range/rangeInt.xhtml</source>
	</tag>
	<tag>
		<tag-name>rangeLong</tag-name>
		<source>range/rangeLong.xhtml</source>
	</tag>
	<tag>
		<tag-name>rangeFloat</tag-name>
		<source>range/rangeFloat.xhtml</source>
	</tag>
	<tag>
		<tag-name>rangeDouble</tag-name>
		<source>range/rangeDouble.xhtml</source>
	</tag>
	<tag>
		<tag-name>rangeBigInt</tag-name>
		<source>range/rangeBigInt.xhtml</source>
	</tag>
	<tag>
		<tag-name>rangeBigDec</tag-name>
		<source>range/rangeBigDec.xhtml</source>
	</tag>
</facelet-taglib>
