<?xml version="1.0" encoding="UTF-8"?>
<!--
 ! (c) Copyright 2005-2012 JAXIO, www.jaxio.com
 ! Source code generated by Celerio, a Jaxio product
 ! Want to use Celerio within your company? email us at info@jaxio.com
 ! Follow us on twitter: @springfuse
 ! Template pack-jsf2-primefaces:src/main/webapp/WEB-INF/flows/abstract/edit/editFlow.e.vm.xml
-->
<flow xmlns="http://www.springframework.org/schema/webflow" xmlns:xsi="http://www.w3.org/2001/XMLSchema-instance" xsi:schemaLocation="http://www.springframework.org/schema/webflow http://www.springframework.org/schema/webflow/spring-webflow-2.0.xsd"
	abstract="true">

	<!-- When sub is true, it means this flow is used as a subflow by a parent flow. -->
	<!-- In sub mode, the user can only perform a subset of transition such as 'ok' and 'cancel'. -->
	<input name="sub" type="boolean" value="flowScope.sub" />

	<!-- Open the passed entity in read-only mode -->
	<input name="readonly" type="boolean" />

	<end-state id="cancelEdit" />
	<end-state id="deleteAndClose" />

	<global-transitions>
		<transition on="forceClose" to="endEdit" />
		<transition on="ajaxDebugThrowException">
			<evaluate expression="exceptionUtil.throwRuntimeException()" />
		</transition>
		<transition on="debugThrowException" to="startChoice">
			<evaluate expression="exceptionUtil.throwRuntimeException()" />
		</transition>
	</global-transitions>

	<exception-handler bean="simpleExceptionHandler" />
</flow>