<?xml version="1.0" encoding="UTF-8" ?>
<!--
 ! (c) Copyright 2005-2012 JAXIO, www.jaxio.com
 ! Source code generated by Celerio, a Jaxio product
 ! Want to use Celerio within your company? email us at info@jaxio.com
 ! Follow us on twitter: @springfuse
 ! Template pack-backend-jpa:src/main/resources/localization/domain/domain_fr.e.vm.xml
-->
<!DOCTYPE properties SYSTEM "http://java.sun.com/dtd/properties.dtd">
<properties>
	<comment>Domain resources for Contact for the french locale</comment>

	<entry key="contact">Contact</entry>

	<!-- Attributes -->
	<entry key="contact_id">Id</entry>
	<entry key="contact_nom">Nom</entry>
	<entry key="contact_prenom">Prenom</entry>
	<entry key="contact_numerotelephone1">numÃ©ro de tÃ©lÃ©phone 1</entry>
	<entry key="contact_numerotelephone2">numÃ©ro de tÃ©lÃ©phone 2</entry>
	<entry key="contact_email">Email</entry>
	<entry key="contact_actif">Actif</entry>
	<entry key="contact_note">Note</entry>
	<entry key="contact_rue">Rue</entry>
	<entry key="contact_ville">Ville</entry>
	<entry key="contact_codepostal">code postal</entry>
	<entry key="contact_infosuppl">information supplÃ©mentaire</entry>
	<entry key="contact_version">Version</entry>

	
</properties>