<?xml version="1.0" encoding="UTF-8" ?>
<!--
 ! (c) Copyright 2005-2012 JAXIO, www.jaxio.com
 ! Source code generated by Celerio, a Jaxio product
 ! Want to use Celerio within your company? email us at info@jaxio.com
 ! Follow us on twitter: @springfuse
 ! Template pack-backend-jpa:src/main/resources/localization/domain/domain.e.vm.xml
-->
<!DOCTYPE properties SYSTEM "http://java.sun.com/dtd/properties.dtd">
<properties>
	<comment>Domain resources for Frais</comment>

	<entry key="frais">Frais PPAF</entry>

	<!-- Attributes -->
	<entry key="frais_id">Id</entry>
	<entry key="frais_montant">Montant</entry>
	<entry key="frais_date">Date</entry>
	<entry key="frais_modedereglement">mode de rÃ©glement</entry>
	<entry key="frais_informationreglement">information sur le rÃ©glement</entry>
	<entry key="frais_membreppafId">Membreppaf Id</entry>
	<entry key="frais_version">Version</entry>

	<!-- x-to-one -->
	<entry key="frais_membreppaf">Membreppaf</entry>
</properties>