<?xml version="1.0" encoding="UTF-8" ?>
<!--
 ! (c) Copyright 2005-2012 JAXIO, www.jaxio.com
 ! Source code generated by Celerio, a Jaxio product
 ! Want to use Celerio within your company? email us at info@jaxio.com
 ! Follow us on twitter: @springfuse
 ! Template pack-backend-jpa:src/main/resources/localization/domain/domain_fr.e.vm.xml
-->
<!DOCTYPE properties SYSTEM "http://java.sun.com/dtd/properties.dtd">
<properties>
	<comment>Domain resources for Item for the french locale</comment>

	<entry key="item">Item</entry>

	<!-- Attributes -->
	<entry key="item_id">Id</entry>
	<entry key="item_nom">Nom</entry>
	<entry key="item_reference">Reference</entry>
	<entry key="item_note">Note</entry>
	<entry key="item_version">Version</entry>

	
</properties>