<?xml version="1.0" encoding="UTF-8" ?>
<!--
 ! (c) Copyright 2005-2012 JAXIO, www.jaxio.com
 ! Source code generated by Celerio, a Jaxio product
 ! Want to use Celerio within your company? email us at info@jaxio.com
 ! Follow us on twitter: @springfuse
 ! Template pack-backend-jpa:src/main/resources/localization/domain/domain_fr.e.vm.xml
-->
<!DOCTYPE properties SYSTEM "http://java.sun.com/dtd/properties.dtd">
<properties>
	<comment>Domain resources for Lieudestockage for the french locale</comment>

	<entry key="lieudestockage">Lieu de stockage</entry>

	<!-- Attributes -->
	<entry key="lieudestockage_id">Id</entry>
	<entry key="lieudestockage_nom">Nom</entry>
	<entry key="lieudestockage_membreppafresponsableId">Membreppafresponsable Id</entry>
	<entry key="lieudestockage_rue">Rue</entry>
	<entry key="lieudestockage_ville">Ville</entry>
	<entry key="lieudestockage_codepostal">code postal</entry>
	<entry key="lieudestockage_infosuppl">information supplÃ©mentaire</entry>
	<entry key="lieudestockage_note">Note</entry>

	<!-- x-to-one -->
	<entry key="lieudestockage_membreppafresponsable">Membreppafresponsable</entry>

    <!-- one-to-many -->
    <entry key="lieudestockage_itemlieudestockages">Itemlieudestockages</entry>

	
</properties>