<?xml version="1.0" encoding="UTF-8" ?>
<!--
 ! (c) Copyright 2005-2012 JAXIO, www.jaxio.com
 ! Source code generated by Celerio, a Jaxio product
 ! Want to use Celerio within your company? email us at info@jaxio.com
 ! Follow us on twitter: @springfuse
 ! Template pack-backend-jpa:src/main/resources/localization/domain/domain_fr.e.vm.xml
-->
<!DOCTYPE properties SYSTEM "http://java.sun.com/dtd/properties.dtd">
<properties>
	<comment>Domain resources for Lieudedepot for the french locale</comment>

	<entry key="lieudedepot">Lieu de depot</entry>

	<!-- Attributes -->
	<entry key="lieudedepot_id">Id</entry>
	<entry key="lieudedepot_nom">Nom</entry>
	<entry key="lieudedepot_numerotelephone1">numÃ©ro de tÃ©lÃ©phone 1</entry>
	<entry key="lieudedepot_numerotelephone2">numÃ©ro de tÃ©lÃ©phone 2</entry>
	<entry key="lieudedepot_rue">Rue</entry>
	<entry key="lieudedepot_ville">Ville</entry>
	<entry key="lieudedepot_codepostal">code postal</entry>
	<entry key="lieudedepot_infosuppl">information supplÃ©mentaire</entry>
	<entry key="lieudedepot_type">Type</entry>

    <!-- one-to-many -->
    <entry key="lieudedepot_suividulieudedepots">Suividulieudedepots</entry>
    <entry key="lieudedepot_ventes">Ventes</entry>

	
</properties>