<?xml version="1.0" encoding="UTF-8" ?>
<!--
 ! (c) Copyright 2005-2012 JAXIO, www.jaxio.com
 ! Source code generated by Celerio, a Jaxio product
 ! Want to use Celerio within your company? email us at info@jaxio.com
 ! Follow us on twitter: @springfuse
 ! Template pack-backend-jpa:src/main/resources/localization/domain/domain.e.vm.xml
-->
<!DOCTYPE properties SYSTEM "http://java.sun.com/dtd/properties.dtd">
<properties>
	<comment>Domain resources for Rolemembre</comment>

	<entry key="rolemembre">Role membre PPAF</entry>

	<!-- Attributes -->
	<entry key="rolemembre_id">Id</entry>
	<entry key="rolemembre_role">Role</entry>
	<entry key="rolemembre_version">Version</entry>

	<!-- Uniques -->
	<entry key="rolemembre_role_already_exists">Role already exists</entry>
</properties>