<?xml version="1.0" encoding="UTF-8" ?>
<!--
 ! (c) Copyright 2005-2012 JAXIO, www.jaxio.com
 ! Source code generated by Celerio, a Jaxio product
 ! Want to use Celerio within your company? email us at info@jaxio.com
 ! Follow us on twitter: @springfuse
 ! Template pack-backend-jpa:src/main/resources/localization/domain/domain.e.vm.xml
-->
<!DOCTYPE properties SYSTEM "http://java.sun.com/dtd/properties.dtd">
<properties>
	<comment>Domain resources for Role</comment>

	<entry key="role">Role</entry>

	<!-- Attributes -->
	<entry key="role_id">Id</entry>
	<entry key="role_roleName">Nom du rÃ´le</entry>
	<entry key="role_version">Version</entry>

	<!-- Uniques -->
	<entry key="role_roleName_already_exists">Nom du rÃ´le already exists</entry>
</properties>