<?xml version="1.0" encoding="UTF-8" ?>
<!--
 ! (c) Copyright 2005-2012 JAXIO, www.jaxio.com
 ! Source code generated by Celerio, a Jaxio product
 ! Want to use Celerio within your company? email us at info@jaxio.com
 ! Follow us on twitter: @springfuse
 ! Template pack-backend-jpa:src/main/resources/localization/domain/domain_fr.e.vm.xml
-->
<!DOCTYPE properties SYSTEM "http://java.sun.com/dtd/properties.dtd">
<properties>
	<comment>Domain resources for Suividulieudedepot for the french locale</comment>

	<entry key="suividulieudedepot">Suivi du lieu de dÃ©pÃ´t</entry>

	<!-- Attributes -->
	<entry key="suividulieudedepot_id">Id</entry>
	<entry key="suividulieudedepot_date">Date</entry>
	<entry key="suividulieudedepot_note">Note</entry>
	<entry key="suividulieudedepot_membreppafId">Membreppaf Id</entry>
	<entry key="suividulieudedepot_lieudedepotId">Lieudedepot Id</entry>
	<entry key="suividulieudedepot_version">Version</entry>

	<!-- x-to-one -->
	<entry key="suividulieudedepot_membreppaf">Membreppaf</entry>
	<entry key="suividulieudedepot_lieudedepot">Lieudedepot</entry>

	
</properties>