<?xml version="1.0" encoding="UTF-8" ?>
<!--
 ! (c) Copyright 2005-2012 JAXIO, www.jaxio.com
 ! Source code generated by Celerio, a Jaxio product
 ! Want to use Celerio within your company? email us at info@jaxio.com
 ! Follow us on twitter: @springfuse
 ! Template pack-backend-jpa:src/main/resources/localization/domain/domain.e.vm.xml
-->
<!DOCTYPE properties SYSTEM "http://java.sun.com/dtd/properties.dtd">
<properties>
	<comment>Domain resources for Suivicontact</comment>

	<entry key="suivicontact">Suivi d'un contact</entry>

	<!-- Attributes -->
	<entry key="suivicontact_id">Id</entry>
	<entry key="suivicontact_date">Date</entry>
	<entry key="suivicontact_dateprochainappel">date de prochain appel</entry>
	<entry key="suivicontact_note">Note</entry>
	<entry key="suivicontact_contactId">Contact Id</entry>
	<entry key="suivicontact_membreppafId">Membreppaf Id</entry>
	<entry key="suivicontact_version">Version</entry>

	<!-- x-to-one -->
	<entry key="suivicontact_membreppaf">Membreppaf</entry>
	<entry key="suivicontact_contact">Contact</entry>
</properties>