<?xml version="1.0" encoding="UTF-8" ?>
<!--
 ! (c) Copyright 2005-2012 JAXIO, www.jaxio.com
 ! Source code generated by Celerio, a Jaxio product
 ! Want to use Celerio within your company? email us at info@jaxio.com
 ! Follow us on twitter: @springfuse
 ! Template pack-backend-jpa:src/main/resources/localization/domain/domain.e.vm.xml
-->
<!DOCTYPE properties SYSTEM "http://java.sun.com/dtd/properties.dtd">
<properties>
	<comment>Domain resources for Vente</comment>

	<entry key="vente">Vente d'un item</entry>

	<!-- Attributes -->
	<entry key="vente_id">Id</entry>
	<entry key="vente_date">Date</entry>
	<entry key="vente_datedencaissement">date d'encaissement</entry>
	<entry key="vente_quantite">Quantite</entry>
	<entry key="vente_prixtotal">prix total</entry>
	<entry key="vente_fraisdeport">frais de port</entry>
	<entry key="vente_numerodefacture">numÃ©ro de facture</entry>
	<entry key="vente_modedereglement">mode de rÃ©glement</entry>
	<entry key="vente_informationreglement">information sur le rÃ©glement</entry>
	<entry key="vente_note">Note</entry>
	<entry key="vente_itemId">Item Id</entry>
	<entry key="vente_contactId">Contact Id</entry>
	<entry key="vente_lieudedepotId">Lieudedepot Id</entry>
	<entry key="vente_membreppafId">Membreppaf Id</entry>
	<entry key="vente_version">Version</entry>

	<!-- x-to-one -->
	<entry key="vente_item">Item</entry>
	<entry key="vente_membreppaf">Membreppaf</entry>
	<entry key="vente_lieudedepot">Lieudedepot</entry>
	<entry key="vente_contact">Contact</entry>
</properties>