<?xml version="1.0" encoding="UTF-8"?>
<!--
 ! (c) Copyright 2005-2012 JAXIO, www.jaxio.com
 ! Source code generated by Celerio, a Jaxio product
 ! Want to use Celerio within your company? email us at info@jaxio.com
 ! Follow us on twitter: @springfuse
 ! Template pack-jsf2-primefaces:src/main/webapp/WEB-INF/spring/appServlet/controllers.p.vm.xml
-->
<beans xmlns="http://www.springframework.org/schema/beans" xmlns:xsi="http://www.w3.org/2001/XMLSchema-instance" xmlns:mvc="http://www.springframework.org/schema/mvc" xmlns:context="http://www.springframework.org/schema/context"
	xsi:schemaLocation="
		http://www.springframework.org/schema/beans http://www.springframework.org/schema/beans/spring-beans-3.1.xsd
		http://www.springframework.org/schema/context http://www.springframework.org/schema/context/spring-context-3.1.xsd
		http://www.springframework.org/schema/mvc http://www.springframework.org/schema/mvc/spring-mvc-3.1.xsd">

	<!-- URL mappings for views without controller logic. -->
	<!-- Example: Incoming path '/home' is mapped maps to the view name 'home' -->
	<!-- UrlBasedViewResolver in servlet-context.xml resolves 'home' to /WEB-INF/views/home.xhtml -->
	<mvc:view-controller path="/login" />
	<mvc:view-controller path="/home" />
	<mvc:view-controller path="/error" />
	<mvc:view-controller path="/accessdenied" />

	<mvc:interceptors>
		<mvc:interceptor>
			<mvc:mapping path="/**" />
			<bean class="org.springframework.web.servlet.i18n.LocaleChangeInterceptor" />
		</mvc:interceptor>
		<mvc:interceptor>
			<mvc:mapping path="/**" />
			<bean class="com.eldoraludo.ppafadministration.web.interceptor.ExposeBeanToViewInterceptor" />
		</mvc:interceptor>
	</mvc:interceptors>

	<bean id="localeResolver" class="org.springframework.web.servlet.i18n.SessionLocaleResolver">
		<property name="defaultLocale" value="fr" />
	</bean>
</beans>