<?xml version="1.0" encoding="UTF-8"?>
<!--
 ! (c) Copyright 2005-2012 JAXIO, www.jaxio.com
 ! Source code generated by Celerio, a Jaxio product
 ! Want to use Celerio within your company? email us at info@jaxio.com
 ! Follow us on twitter: @springfuse
 ! Template pack-jsf2-primefaces:src/main/webapp/WEB-INF/spring/appServlet/webflow.p.vm.xml
-->
<beans:beans xmlns="http://www.springframework.org/schema/webflow-config" xmlns:xsi="http://www.w3.org/2001/XMLSchema-instance" xmlns:beans="http://www.springframework.org/schema/beans"
	xmlns:aop="http://www.springframework.org/schema/aop" xmlns:faces="http://www.springframework.org/schema/faces"
	xsi:schemaLocation="
		http://www.springframework.org/schema/webflow-config 
		http://www.springframework.org/schema/webflow-config/spring-webflow-config-2.3.xsd
		http://www.springframework.org/schema/beans http://www.springframework.org/schema/beans/spring-beans-3.1.xsd
		http://www.springframework.org/schema/aop http://www.springframework.org/schema/aop/spring-aop-3.1.xsd
		http://www.springframework.org/schema/faces http://www.springframework.org/schema/faces/spring-faces-2.2.xsd">

	<beans:bean class="org.springframework.webflow.scope.ScopeRegistrar" />

	<!-- Executes flows: the central entry point into the Spring Web Flow system -->
	<flow-executor id="flowExecutor">
		<flow-execution-listeners>
			<listener ref="flowTimerFilter" />
			<listener ref="facesContextListener" />
			<listener ref="securityListener" />
			<listener ref="jpaFlowExecutionListener" />
			<listener ref="flowsMenuExecutionListener" />
		</flow-execution-listeners>
		<!-- Note: when max-execution-snapshots is "0" then snapshoting is disabled, this is better for performances -->
		<flow-execution-repository max-executions="5" max-execution-snapshots="0"/>
	</flow-executor>

	<!-- The registry of executable flow definitions -->
	<flow-registry id="flowRegistry" parent="flowRegistryGenerated" flow-builder-services="flowBuilderServices" base-path="/WEB-INF/flows">
		<flow-location-pattern value="/**/*-flow.xml" />
	</flow-registry>

	<!-- The registry of executable generated flow definitions -->
	<flow-registry id="flowRegistryGenerated" flow-builder-services="flowBuilderServices" base-path="/WEB-INF/flows-generated">
		<flow-location-pattern value="/**/*-flow.xml" />
	</flow-registry>

	<!-- Configures the Spring Web Flow JSF integration -->
	<faces:flow-builder-services id="flowBuilderServices" development="true" />	

	<!-- A listener to create and release a FacesContext -->
	<beans:bean id="facesContextListener" class="org.springframework.faces.webflow.FlowFacesContextLifecycleListener" />

	<!-- A listener to apply Spring Security authorities -->
	<beans:bean id="securityListener" class="org.springframework.webflow.security.SecurityFlowExecutionListener" />

	<beans:bean id="flowTimerFilter" class="com.eldoraludo.ppafadministration.web.filter.FlowTimerFilter">
		<beans:description>Simple debug listener allowing you to track and log the active flow</beans:description>
	</beans:bean>

	<beans:bean id="jpaFlowExecutionListener" class="org.springframework.webflow.persistence.JpaFlowExecutionListener">
		<beans:description>Enable persistence-context in flows and supports hibernate filters.</beans:description>
		<beans:constructor-arg ref="entityManagerFactory" />
		<beans:constructor-arg ref="transactionManager" />
	</beans:bean>

	<beans:bean id="flowsMenuExecutionListener" class="com.eldoraludo.ppafadministration.web.flow.FlowsMenuExecutionListener">
		<beans:description>Track the various user's flows so they can be reached from a Menu</beans:description>
	</beans:bean>

	<beans:bean name="flowsMenuHandler" class="com.eldoraludo.ppafadministration.web.flow.FlowsMenuHandler" scope="session">
		<beans:description>Handle the various flows tracked by the flowsMenuExecutionListener</beans:description>
		<!-- Since this bean has a 'session' scope and is referenced from the 'singleton' flowsMenuExecutionListener bean, -->
		<!-- it must be configure with the aop:scoped-proxy tag below. -->
		<aop:scoped-proxy />
	</beans:bean>
</beans:beans>